1,4.309999999993486e-06
2,2.310999999999286e-05
3,3.7599999999998746e-05
4,5.609099999999423e-05
5,7.571999999998746e-05
6,9.625000000000605e-05
7,0.0001759189999999966
8,0.0001484200000000102
9,0.00018457999999998975
10,0.00019655000000000367
11,0.0002100309999999994
12,0.0002791899999999986
13,0.00029805000000000803
14,0.00037802999999998754
15,0.0004726800000000031
16,0.0003569599999999895
17,0.000564450000000008
18,0.00041224000000000816
19,0.00042583000000000204
20,0.0004917900000000058
21,0.0005805909999999914
22,0.000703750000000003
23,0.0007956300000000055
24,0.0007339510000000105
25,0.0007156899999999911
26,0.0007719820000000044
27,0.0006665899999999947
28,0.0007057410000000097
29,0.000693520000000003
30,0.0010585699999999948
31,0.0007624900000000046
32,0.0008700589999999925
33,0.0010373909999999986
34,0.0008859100000000036
35,0.0009708010000000072
36,0.0009062209999999987
37,0.001088989999999998
38,0.0010193299999999988
39,0.001121431000000006
40,0.0012076810000000021
41,0.0012060009999999982
42,0.0013256999999999852
43,0.001368559999999991
44,0.0019653710000000213
45,0.0012331309999999984
46,0.0013249509999999909
47,0.0013377610000000206
48,0.0018503609999999948
49,0.0015237000000000167
50,0.0014710599999999963
51,0.0014241799999999971
52,0.001921141000000015
53,0.0016300710000000107
54,0.001702340999999996
55,0.0016173899999999963
56,0.0015704909999999794
57,0.002150131999999999
58,0.0019377300000000264
59,0.002150090999999993
60,0.0017706110000000053
61,0.0018210820000000016
62,0.001848070999999979
63,0.0018275500000000111
64,0.0018588300000000058
65,0.0020075109999999896
66,0.0017477009999999904
67,0.0019095909999999883
68,0.0019507920000000067
69,0.0021030609999999894
70,0.002113920999999991
71,0.002336101000000007
72,0.002166450999999986
73,0.00212895099999999
74,0.002180090999999995
75,0.0021089510000000256
76,0.0023018430000000256
77,0.0026119510000000012
78,0.0025132109999999597
79,0.002405680999999993
80,0.002521441999999985
81,0.002743432999999962
82,0.0027554619999999863
83,0.003553472000000002
84,0.0028310509999999733
85,0.0025471500000000535
86,0.002787001999999983
87,0.0027936619999999746
88,0.0028582520000000056
89,0.0029864219999999886
90,0.002885731999999974
91,0.002862960999999997
92,0.0030597730000000434
93,0.003541490999999952
94,0.003325179999999983
95,0.0027526219999999824
96,0.003116291999999965
97,0.0032473419999999864
98,0.002828090999999977
99,0.0032350830000000275
100,0.002906620999999998
101,0.0028249420000000525
102,0.002753221000000028
103,0.0029303310000000082
104,0.0031673709999999744
105,0.0029066909999999613
106,0.0033426109999999953
107,0.0033667619999999676
108,0.0032373410000000047
109,0.0034274919999999764
110,0.003508561000000021
111,0.003475102000000063
112,0.0035374510000000248
113,0.0035657810000000456
114,0.0036211809999999733
115,0.0036209419999999604
116,0.0035503719999999683
117,0.0035178599999999838
118,0.0036805609999999156
119,0.0035184510000000335
120,0.003189031000000009
121,0.0036300609999999622
122,0.004083750000000053
123,0.003928511000000023
124,0.00442602999999997
125,0.004533242000000048
126,0.004143362000000095
127,0.004887641999999914
128,0.0037479209999999874
129,0.004287742000000039
130,0.004212851999999989
131,0.004141822999999989
132,0.004321872000000004
133,0.004332743000000083
134,0.004366462000000015
135,0.004449872000000021
136,0.0044627219999999745
137,0.00444980099999992
138,0.004527121999999939
139,0.004624703000000063
140,0.0046995220000000115
141,0.004711483000000016
142,0.004782741999999951
143,0.0047707110000000386
144,0.004723272000000001
145,0.004959302999999915
146,0.004759732999999988
147,0.004727821999999993
148,0.004613062000000001
149,0.004654622999999969
150,0.004767411999999971
151,0.004439351000000036
152,0.0051008830000000005
153,0.005165701999999994
154,0.005103752999999989
155,0.005246842000000029
156,0.005261791999999987
157,0.004968030999999984
158,0.00565500200000002
159,0.005784530999999982
160,0.005286614999999939
161,0.005675712000000055
162,0.005855983000000009
163,0.005898752000000007
164,0.005690142000000176
165,0.005816199999999938
166,0.006203241999999998
167,0.005825122999999932
168,0.005523741999999832
169,0.005611892000000118
170,0.005628782000000054
171,0.005705863999999838
172,0.005571532000000046
173,0.006016063999999988
174,0.006740543000000043
175,0.006115284000000054
176,0.005875503000000171
177,0.005867802999999894
178,0.006150211999999877
179,0.00641745199999999
180,0.005924484000000119
181,0.005972081000000129
182,0.006014004000000073
183,0.005923592000000033
184,0.005422883000000045
185,0.006332192999999986
186,0.006800621999999867
187,0.006495675000000034
188,0.00675890400000001
189,0.006772333000000019
190,0.0065821930000000695
191,0.006463823999999896
192,0.006814623999999991
193,0.007094653000000006
194,0.007046153999999971
195,0.0068772950000000055
196,0.006334572000000094
197,0.006683363000000053
198,0.00686342299999998
199,0.007592262000000183
200,0.007335074999999858
201,0.007171483999999895
202,0.007484604000000061
1,3.6100000000011123e-06
2,2.1199999999998997e-05
3,3.6439999999998696e-05
4,5.437000000000497e-05
5,7.70399999999935e-05
6,9.498999999999619e-05
7,0.00020424000000000136
8,0.000195280000000006
9,0.00019624099999999978
10,0.00021742099999999542
11,0.00024294000000000399
12,0.00023909999999999904
13,0.0002734299999999981
14,0.0003146190000000021
15,0.00030734899999999843
16,0.0003258000000000011
17,0.0003702199999999975
18,0.00045493000000000616
19,0.0004347400000000029
20,0.00047846999999999473
21,0.0005359400000000125
22,0.000549449999999993
23,0.0005644399999999994
24,0.000659480000000004
25,0.000715450999999992
26,0.0006311410000000017
27,0.0007341099999999962
28,0.0008035210000000015
29,0.0008321200000000056
30,0.0007891599999999971
31,0.00092339000000001
32,0.001034020999999996
33,0.0009657409999999922
34,0.0008901199999999942
35,0.0009555009999999975
36,0.0012494100000000063
37,0.0014445010000000008
38,0.0015315610000000007
39,0.0011190410000000012
40,0.001075970999999995
41,0.0011798009999999942
42,0.0019481110000000024
43,0.001984820000000012
44,0.0014393409999999968
45,0.0016000910000000118
46,0.0014869510000000002
47,0.001338030000000004
48,0.0015464899999999837
49,0.0015851610000000016
50,0.0017011209999999999
51,0.0013498899999999925
52,0.0014417509999999911
53,0.0015078699999999945
54,0.0015284220000000015
55,0.0016393990000000136
56,0.0016504410000000025
57,0.0020130010000000143
58,0.00248485100000001
59,0.0020399819999999957
60,0.002212971000000008
61,0.0021595809999999938
62,0.002203390999999999
63,0.002499921000000016
64,0.0025597610000000215
65,0.0018297020000000164
66,0.0018544809999999912
67,0.002466530999999994
68,0.002474471000000006
69,0.002059931000000015
70,0.0021892109999999965
71,0.003149581999999984
72,0.0023049119999999923
73,0.0022030909999999904
74,0.002160241000000007
75,0.002180901000000013
76,0.002328621000000003
77,0.0024144819999999956
78,0.0028399709999999967
79,0.0028025909999999654
80,0.002818071000000033
81,0.0032248610000000233
82,0.0026270010000000177
83,0.0025308720000000173
84,0.002617851999999976
85,0.00277800100000003
86,0.00306086800000005
87,0.002860910999999966
88,0.002697201000000038
89,0.0026562319999999806
90,0.002978490999999972
91,0.002876792000000017
92,0.002833861999999965
93,0.003146760999999998
94,0.003089981999999991
95,0.002904321000000043
96,0.0031107319999999494
97,0.0030978629999999785
98,0.0029817510000000325
99,0.0031867119999999804
100,0.003350412000000025
101,0.0032309010000000082
102,0.0029543709999999557
103,0.0030946609999999986
104,0.0035000720000000207
105,0.004258501999999997
106,0.003591530999999981
107,0.00341926299999995
108,0.0034116120000000083
109,0.003556901000000001
110,0.0029738110000000484
111,0.0037633710000000153
112,0.0034527400000000097
113,0.0033269830000000056
114,0.00297388000000004
115,0.003879632999999938
116,0.003787060999999925
117,0.0038445510000000294
118,0.0036762719999999804
119,0.003797142000000031
120,0.004326892999999998
121,0.004207972000000004
122,0.004204592000000007
123,0.00415370100000001
124,0.004357473999999972
125,0.004753212999999978
126,0.004256641999999977
127,0.005011753999999979
128,0.00435882200000004
129,0.004628202999999997
130,0.004653212999999989
131,0.004690980999999983
132,0.004536521999999987
133,0.004444621999999954
134,0.005066860999999978
135,0.004519021999999984
136,0.004522033999999953
137,0.00485625199999995
138,0.005147290999999998
139,0.005188305000000004
140,0.004907672999999946
141,0.005292391999999979
142,0.004816462000000077
143,0.004796663000000034
144,0.004832723000000039
145,0.005277831999999982
146,0.005510953000000041
147,0.0047093719999999895
148,0.004931053999999935
149,0.005624541999999955
150,0.0057274019999999926
151,0.0050173029999999175
152,0.004949581999999952
153,0.005185101000000025
154,0.005246603999999988
155,0.005168823999999961
156,0.00525156300000007
157,0.005199611999999965
158,0.005217492999999962
159,0.005298362000000001
160,0.00535326199999997
161,0.005487163999999933
162,0.005450192000000076
163,0.005278782999999954
164,0.004972921999999991
165,0.005090611000000189
166,0.005058271000000003
167,0.005204041000000048
168,0.005394941999999903
169,0.005566222999999981
170,0.005697202999999984
171,0.0059383629999998355
172,0.005676663999999887
173,0.005914742999999945
174,0.005930262999999991
175,0.005904522000000023
176,0.005988631999999994
177,0.0055504719999999175
178,0.0058935920000000586
179,0.006712991999999973
180,0.006315012999999814
181,0.0057318219999999975
182,0.006465871999999928
183,0.006487084999999837
184,0.006329521999999921
185,0.00657838299999991
186,0.00581738300000012
187,0.0059724230000000045
188,0.006051181999999988
189,0.006487132999999812
190,0.006038654000000143
191,0.006829742999999944
192,0.005909921999999845
193,0.006571682999999995
194,0.00725628300000003
195,0.007108753999999884
196,0.006776383999999913
197,0.00742972399999986
198,0.007225332999999834
199,0.008134343000000044
200,0.007141641999999893
201,0.007497493000000022
202,0.00718559299999999
203,0.00680898200000013
204,0.007328981999999984
205,0.007165513999999984
206,0.007231674000000021
207,0.007341792000000069
208,0.00738832300000003
209,0.0075932329999999215
210,0.007868084000000053
211,0.007643752999999975
212,0.007682063999999933
213,0.006393843000000121
214,0.007523044000000034
215,0.007821972999999982
216,0.007549753000000159
217,0.007680094000000137
218,0.008231443000000116
219,0.008363653999999832
220,0.007016023000000038
221,0.00832252500000008
222,0.00712699299999997
223,0.008403304
224,0.008777703000000026
225,0.008297505000000038
226,0.008614381999999976
227,0.0077621849999998105
228,0.00871525399999995
229,0.009369525999999961
230,0.008399893999999852
231,0.008143502999999885
232,0.00895112500000006
233,0.008910803000000023
234,0.009086291000000246
235,0.009165711000000076
236,0.008932269999999853
237,0.009465212999999917
238,0.008817614000000251
239,0.008669663999999688
240,0.008672884000000103
241,0.008802514000000095
242,0.009253084000000023
243,0.009569782999999887
244,0.009638333000000276
245,0.010230196000000191
246,0.008677663999999918
247,0.008915312000000064
248,0.009727963000000006
249,0.010667136999999993
250,0.009744575000000033
251,0.010199054999999735
252,0.01129385400000027
253,0.011936123999999992
254,0.009905425999999995
255,0.010589936000000133
256,0.010136805000000138
257,0.009759343999999892
258,0.010145425000000152
259,0.010309944999999932
260,0.011342685000000241
261,0.010210995
262,0.011049574999999923
263,0.009788844000000019
264,0.0097809609999997
265,0.00962443199999985
266,0.010155854000000186
267,0.010241945000000197
268,0.010177554999999838
269,0.011462915999999712
270,0.010633856000000108
271,0.01026609299999981
272,0.011022806000000163
273,0.010431565999999837
274,0.010481264000000046
275,0.011033464000000048
276,0.01049501399999997
277,0.01019175299999997
278,0.011743544000000217
279,0.009658194000000009
280,0.009896675999999882
281,0.010848884000000059
282,0.008741085999999676
283,0.009706076000000063
284,0.009513515000000083
285,0.009514245000000088
286,0.008844014000000122
287,0.010028564999999823
288,0.009512153999999828
289,0.009782393000000056
290,0.010479045000000298
291,0.010715464000000008
292,0.010871114000000404
293,0.010858385000000137
294,0.009378195000000034
295,0.008768083999999732
296,0.010276055000000284
297,0.0111630840000001
298,0.011031353999999993
299,0.010899305999999775
300,0.011134752999999886
301,0.012012666000000394
302,0.012026457000000157
303,0.011901326999999906
304,0.012111333000000002
305,0.012523485
306,0.01144642600000001
307,0.01107350500000015
308,0.015180516000000033
309,0.011183464999999781
310,0.010460753000000267
311,0.011349563000000007
312,0.011804182999999746
313,0.011867703000000063
314,0.010036013000000121
315,0.011330045999999871
316,0.011963655000000184
317,0.011105945999999811
318,0.012031664999999858
319,0.012738407000000063
320,0.0117657659999999
321,0.011301516000000067
322,0.010945915000000195
323,0.009670175000000114
324,0.012548434999999802
325,0.012150906000000017
326,0.013226905999999872
327,0.012321045000000641
328,0.01353172700000016
329,0.012859156000000205
330,0.012641097000000379
331,0.013418306999999352
332,0.014077217999999725
333,0.014884294000000686
334,0.014125504999999983
335,0.01721196100000011
336,0.012880066000000134
337,0.013291334999999904
338,0.013069974000000428
339,0.012866537000000733
340,0.014197689999999596
341,0.012542166999999438
342,0.015016606999999738
343,0.01524533500000036
344,0.013823556999999376
345,0.0140940650000001
346,0.013601595999999994
347,0.01591909700000027
348,0.015005028000000031
349,0.01854562900000012
350,0.016649760000000846
351,0.01543137600000044
352,0.012686276000000163
353,0.013497166000000504
354,0.014356305999999819
355,0.016255967000000204
356,0.01599187799999946
357,0.01581770700000007
358,0.02536928199999977
359,0.0168894470000005
360,0.016096547000000072
361,0.01732618899999938
362,0.01672114700000016
363,0.017568377999999996
364,0.017394547000000316
365,0.015754215999999488
366,0.01764947500000069
367,0.016716897999999425
368,0.015099428000000081
369,0.015834586999999622
370,0.014728755000000149
371,0.013595386000000431
372,0.01465992799999949
373,0.016508757999999624
374,0.015156797000000388
375,0.014328617000000321
376,0.015124796000000273
377,0.015931876999999872
378,0.018256227999999375
379,0.015894196000000527
380,0.016757067999999542
381,0.015070526999999778
382,0.016381066999999305
383,0.015285086999999642
384,0.01562241600000025
385,0.01643004700000006
386,0.01764760799999987
387,0.0167282369999997
388,0.019724549999999397
389,0.018354077999999774
390,0.015346577999999944
391,0.018103699000000084
392,0.016205545000000043
393,0.0176859200000008
394,0.01724539699999994
395,0.016754887000000274
396,0.015162525000000038
397,0.01693617700000072
398,0.012868114999999847
399,0.014377027000000098
400,0.01590953699999975
401,0.015234046999999862
402,0.01554905700000031
403,0.01569133499999964
404,0.012695606000000303
405,0.015391908000000676
406,0.017130691000000198
407,0.01708297799999947
408,0.016675445999999816
409,0.01828381800000045
410,0.01747851600000061
411,0.01736471699999953
412,0.018703569000000364
413,0.01969805999999963
414,0.017792356000000176
415,0.017862419000000074
416,0.0186410669999999
417,0.0194202360000002
418,0.02017421499999994
419,0.02075688600000003
420,0.02141826999999985
421,0.02058084200000021
422,0.01936702700000037
423,0.019564188999999566
424,0.019384770000000273
425,0.02100698299999948
426,0.018400608000000318
427,0.019304027000000445
428,0.01770588800000006
429,0.017058367999999824
430,0.01755485699999948
431,0.017916117000000398
432,0.017061396999999978
433,0.017497116999999562
434,0.016976184999999866
435,0.018549684999999982
436,0.018509659999999428
437,0.01764779699999952
438,0.017832045999999657
439,0.018243495999999304
440,0.01865712800000008
441,0.018128210000000422
442,0.017522959000000782
443,0.018365237000000256
444,0.01847381999999964
445,0.018633871000000468
446,0.018299178999999555
447,0.01825669800000007
448,0.019332386000000312
449,0.019117494999999707
450,0.01949175899999922
451,0.022104559000000634
452,0.020034407000000698
453,0.020898659000000208
454,0.02029903100000041
455,0.018641998999999743
456,0.01908587900000036
457,0.033833743999998944
458,0.019946069999999594
459,0.02357507099999978
460,0.02143899100000013
461,0.02085961700000105
462,0.019322332000001552
463,0.02138847700000035
464,0.020561209000000247
465,0.019115430000001155
466,0.019164065000000008
467,0.01956073100000033
468,0.02100034900000125
469,0.020059370000000243
470,0.021294320000000866
471,0.02095417899999852
472,0.01874913700000036
473,0.01948921899999867
474,0.020441060000001343
475,0.020140771000001223
476,0.01994149899999975
477,0.02006578800000014
478,0.01988613900000047
479,0.018969141000001244
480,0.018978967999998986
481,0.019346118999999717
482,0.021910571000001156
483,0.020265058999999752
484,0.02248496099999997
485,0.02063578899999996
486,0.019493616000000102
487,0.02198509900000012
488,0.022953089999999676
489,0.020804250999999496
490,0.020723696000001013
491,0.021265898999999422
492,0.019922370999999828
493,0.019964338999999498
494,0.020639566999999914
495,0.01939159700000026
496,0.02047996200000135
497,0.019892456999999197
498,0.01930392799999936
499,0.020656918999998553
500,0.02157764900000103
501,0.020536080999999484
502,0.020884687000000568
503,0.02094134700000083
504,0.021912469999998407
505,0.021144602999999762
506,0.020010510000000536
507,0.01936599899999969
508,0.019300357000000545
509,0.02023585899999958
510,0.019035587000001186
511,0.01979113099999985
512,0.020734039000000593
513,0.020763101000000006
514,0.023552650000000952
515,0.0214600789999988
516,0.020951160000000968
517,0.02218278900000037
518,0.022629708000000193
519,0.02181725999999884
520,0.020820679999999925
521,0.02033004699999985
522,0.021278018000000287
523,0.021884634999999264
524,0.023579283000000117
525,0.021534368999999387
526,0.021482268999999832
527,0.02098865200000155
528,0.021279579999999854
529,0.021881006999999286
530,0.021978018000000432
531,0.021194787999998965
532,0.022063788000000528
533,0.020570311000000174
534,0.021150678000001477
535,0.02137298899999962
536,0.020968570000000852
537,0.022148851999999053
538,0.021773918999999253
539,0.021344750999999107
540,0.0215431499999994
541,0.022280280000000374
542,0.02262647999999956
543,0.021952171000000575
544,0.020709008999999057
545,0.025126309999999208
546,0.024404921000000357
547,0.02376749899999986
548,0.024071762000000163
549,0.02443090299999895
550,0.02476763199999965
551,0.02447726399999972
552,0.024971852000000183
553,0.026855240999999808
554,0.024929200000000762
555,0.02462992999999969
556,0.023132631999999376
557,0.02503333200000135
558,0.02568300999999984
559,0.027315825000000515
560,0.027778322999999716
561,0.027279912999999212
562,0.026729794000001306
563,0.03137077100000063
564,0.024489301000000907
565,0.025075089999999634
566,0.023894692999999023
567,0.0239280519999987
568,0.022440389999999866
569,0.02340451100000074
570,0.024063619000001424
571,0.023835611999999173
572,0.024510208999998895
573,0.02571311300000012
574,0.02602346000000111
575,0.031076044000000635
576,0.032492352000000224
577,0.027896312999999395
578,0.024866980999998844
579,0.026579761999999008
580,0.02652713200000001
581,0.024884520999998827
582,0.02411723099999996
583,0.024485720999999572
584,0.0248658810000002
585,0.024936982999999913
586,0.026736299000001296
587,0.025769331000001117
588,0.026565611000000544
589,0.026671454000000594
590,0.02853410200000006
591,0.021986532000001446
592,0.02206400900000105
593,0.021450919999999485
594,0.02421771000000028
595,0.02522030599999958
596,0.027643480000000054
597,0.023111927999998727
598,0.023264500999999882
599,0.023826901999999706
600,0.024854112999999955
601,0.02388143099999951
602,0.024983794000000614
603,0.02579685999999981
604,0.025569420000000065
605,0.025566550999998938
606,0.023876458000000156
607,0.02191390800000015
608,0.023827369000001042
609,0.024917141999999615
610,0.022634548999999282
611,0.026451660000001098
612,0.026943841000001356
613,0.02562185299999875
614,0.02714758199999956
615,0.025894509000000454
616,0.02491130900000016
617,0.02392578099999909
618,0.025952784000001117
619,0.026489133000001885
620,0.02640327199999959
621,0.027698195999999342
622,0.02636304299999992
623,0.026353852999999816
624,0.026205049000001424
625,0.025465422999999987
626,0.02697846100000234
627,0.0264259899999999
628,0.02568768100000085
629,0.027002132999999873
630,0.03145789300000246
631,0.0343926450000005
632,0.03248506499999948
633,0.030063570999999456
634,0.025697360999998864
635,0.027854253000000995
636,0.029437913999998955
637,0.02847746599999823
638,0.02715608100000111
639,0.026708831000000544
640,0.02834843300000145
641,0.0370388379999973
642,0.03205688199999912
643,0.03590117499999934
644,0.031780091999998206
645,0.029245291000002283
646,0.028324439999998674
647,0.026441922000000062
648,0.025284914000000214
649,0.02860230299999955
650,0.027492506000001526
651,0.02788003299999886
652,0.028376593000000838
653,0.027207031999999742
654,0.029076233000001395
655,0.0319084459999992
656,0.031074141999997806
657,0.023559560000002477
658,0.02637405199999776
659,0.023354120000000478
660,0.02653131099999939
661,0.026960122999998504
662,0.026373040999999375
663,0.027912172000000623
664,0.02724572800000047
665,0.0278866810000018
666,0.029585311999998254
667,0.033741642999999044
668,0.027567790999999175
669,0.027352791999998516
670,0.029751853000000494
671,0.030246326000000323
672,0.0300257110000004
673,0.028290732999998625
674,0.029321153999998018
675,0.029277696000001185
676,0.03062403300000227
677,0.03055519199999779
678,0.028914185999997954
679,0.028344371999999396
680,0.02925856299999907
681,0.03215779499999982
682,0.03581999600000074
683,0.031130892000000188
684,0.030211293000000694
685,0.029918252999998174
686,0.03005725299999895
687,0.03145761499999722
688,0.03714058699999967
689,0.03414670400000119
690,0.03201911300000049
691,0.02848273200000051
692,0.02978592199999852
693,0.030106502999998952
694,0.02906979200000137
695,0.03041819200000262
696,0.03250486299999977
697,0.03105466399999912
698,0.03152917799999955
699,0.03091246500000011
700,0.03122312400000027
701,0.03290441300000069
702,0.033182343
703,0.03218406499999915
704,0.03138693300000028
705,0.038437757000000516
706,0.04702564000000109
707,0.035387178000000574
708,0.030381332000001038
709,0.03211395399999972
710,0.03172631300000006
711,0.0395440899999997
712,0.03906251800000149
713,0.032505263999997425
714,0.032544592999997235
715,0.03408690599999886
716,0.03388717800000052
717,0.03340564300000182
718,0.03506571400000169
719,0.030766652000000505
720,0.03368020599999966
721,0.03459424500000097
722,0.03393556199999992
723,0.03159060200000141
724,0.03320555399999847
725,0.031085562000001232
726,0.030255750999998554
727,0.03295270899999991
728,0.028394756000000854
729,0.029307862999999656
730,0.032006557000002545
731,0.030418922999999154
732,0.028699295000002678
733,0.029001274000002297
734,0.029913890999999637
735,0.03123281300000258
736,0.02929909300000233
737,0.03462272499999841
738,0.03810255899999859
739,0.031178513000000407
740,0.030838336999998717
741,0.03268780599999843
742,0.03388533800000104
743,0.03244884499999756
744,0.03296372300000172
745,0.03319638299999994
746,0.032208031999999776
747,0.03204847399999977
748,0.03181217199999864
749,0.03170095299999787
750,0.03026145300000138
751,0.034379155999999966
752,0.03373308400000141
753,0.04064750700000275
754,0.035553567000000896
755,0.035029487999999276
756,0.03485200600000127
757,0.03701682899999881
758,0.034667452000000765
759,0.03547917399999889
760,0.0371638549999993
761,0.037660226999999935
762,0.037261907000001315
763,0.03713529699999896
764,0.04074473900000086
765,0.03717688699999755
766,0.04060674199999781
767,0.04089701300000215
768,0.043429282000001734
769,0.04280559999999767
770,0.040128268000000133
771,0.03630278500000017
772,0.03403148800000011
773,0.03340102399999978
774,0.03169682200000068
775,0.03225725600000118
776,0.034213944000001106
777,0.03327938499999661
778,0.03556375799999856
779,0.034113166000000916
780,0.0399125980000008
781,0.03474450599999912
782,0.054647339000002404
783,0.03898838199999943
784,0.03619125799999878
785,0.04198929800000073
786,0.038683471000002356
787,0.03769785499999756
788,0.03852372700000117
789,0.036089102000001816
790,0.0352000419999996
791,0.0397722079999987
792,0.03467879700000154
793,0.03505374899999936
794,0.03603258699999756
795,0.03743877499999826
796,0.0382120790000009
797,0.03842331499999929
798,0.03781691700000067
799,0.0358689049999974
800,0.03722179699999728
801,0.039843699999998705
802,0.04360009100000184
803,0.038317999000000214
804,0.041437236000000155
805,0.03825077099999774
806,0.03600213600000046
807,0.03722962899999871
808,0.038267136999998286
809,0.03715532999999738
810,0.03602814699999968
811,0.03512644299999934
812,0.039477749999999645
813,0.037445343999998215
814,0.036892775000001876
815,0.03665843599999974
816,0.03596218500000248
817,0.036215586000000854
818,0.03987172600000122
819,0.043810868000001335
820,0.03999780899999905
821,0.040942811999997275
822,0.041075032000001954
823,0.03719426800000036
824,0.04742795199999961
825,0.044957425999999856
826,0.04072052799999781
827,0.04143749099999994
828,0.04057137599999905
829,0.043781564999999745
830,0.03782623700000087
831,0.042545838999998864
832,0.038964615000001146
833,0.039948926999997525
834,0.040082275999999695
835,0.03962621899999874
836,0.037309782999997765
837,0.03824222800000143
838,0.05144370000000009
839,0.0380133179999973
840,0.041458478999999215
841,0.03796477400000242
842,0.03886240900000004
843,0.036725907000001
844,0.036317358000001576
845,0.036093975
846,0.04380589799999868
847,0.03833440700000068
848,0.03793156600000103
849,0.03812017599999962
850,0.03742149500000025
851,0.04539628100000215
852,0.04050993899999611
853,0.04483892800000433
854,0.04239149800000064
855,0.041785882000006325
856,0.040439077999998574
857,0.04067034699999539
858,0.03911280500000203
859,0.04591318199999961
860,0.0399406880000015
861,0.04081980399999452
862,0.04180739599999583
863,0.043158578999999975
864,0.04338829199999594
865,0.043455598999997846
866,0.045296059999998306
867,0.04379291200000068
868,0.04400093699999985
869,0.03894092000000171
870,0.03923133199999995
871,0.03867657499999666
872,0.042839776000000995
873,0.04560215000000056
874,0.041073057999994944
875,0.040635108000003584
876,0.0406243150000023
877,0.042295772000002785
878,0.04056688000000008
879,0.039538788000001546
880,0.04211249800000161
881,0.04527237599999978
882,0.04304558999999841
883,0.04344694099999913
884,0.05109044699999998
885,0.0491182020000025
886,0.04393407799999949
887,0.039031536999999616
888,0.04403709099999986
889,0.0396367479999995
890,0.048168999999994355
891,0.04891975199999621
892,0.04387110900000124
893,0.044556849000002785
894,0.041954259999997134
895,0.04053935099999961
896,0.0403981020000046
897,0.0422837580000035
898,0.04297188000000318
899,0.041705036000003304
900,0.05191928400000023
901,0.050271122000005164
902,0.0452471540000019
903,0.04822828399999679
904,0.04341463899999809
905,0.04405306499999995
906,0.0411050789999976
907,0.0441512360000047
908,0.04397988000000197
909,0.04320657200000255
910,0.04265419000000037
911,0.04582589900000045
912,0.04594013999999902
913,0.0375272570000007
914,0.037723254000006534
915,0.04176452799999453
916,0.047005976999997756
917,0.04395995099999794
918,0.041024180000000854
919,0.04944632200000143
920,0.04580165099999789
921,0.04808263600000373
922,0.04257010899999614
923,0.0453040010000052
924,0.040418929000004766
925,0.04092843600000151
926,0.04169749100000075
927,0.04299766799999816
928,0.03979764599999669
929,0.0433245580000019
930,0.04807128800000271
931,0.04735154499999794
932,0.04752971799999983
933,0.04778035100000011
934,0.05036145200000419
935,0.04358683000000241
936,0.043089692000002344
937,0.06177863799999983
938,0.04679266799999482
939,0.04419226499999951
940,0.04369583700000135
941,0.040660131000002764
942,0.042628721999996344
943,0.04293432800000119
944,0.04184976300000187
945,0.0401215389999976
946,0.04150088700000509
947,0.04260431000000153
948,0.04052683500000143
949,0.0426039509999967
950,0.03747031599999673
951,0.04744433300000139
952,0.04685640200000307
953,0.044102829000003396
954,0.05062791299999958
955,0.05312986399999886
956,0.04749738800000358
957,0.03895270999999667
958,0.04352098999999754
959,0.04598210900000055
960,0.043431628000000444
961,0.0420275700000019
962,0.04789040099999653
963,0.04641435500000313
964,0.04549445799999319
965,0.0410194319999988
966,0.04502354699999955
967,0.04369973800000082
968,0.04466484800000359
969,0.042481890000004796
970,0.042200268000001984
971,0.04539556999999661
972,0.04539649000000168
973,0.046032451000002084
974,0.04361759800000442
975,0.042158317999998474
976,0.04493120999999434
977,0.046837910000000704
978,0.0497416709999996
979,0.047705117999996105
980,0.04641561300000063
981,0.052999712999998394
982,0.050816763000000265
983,0.04755290199999962
984,0.04494875700000023
985,0.048326754000001415
986,0.05376752499999782
987,0.04216633699999761
988,0.04252099899999706
989,0.04203639699999684
990,0.04492274000000407
991,0.04654732100000558
992,0.04450949999999665
993,0.046180675999998755
994,0.04711855800000109
995,0.04562791200000049
996,0.04566478999999646
997,0.04427804600000229
998,0.045409761000001936
999,0.04444712899999814
1000,0.046726632000002155
1001,0.04926427400000222
1002,0.04563486099999636
1003,0.04818817299999978
1004,0.04773011800000404
1005,0.04762198999999612
1006,0.04195248600000667
1007,0.05037334500000412
1008,0.047222357000002546
1009,0.05012710300000123
1010,0.051505837999997084
1011,0.051810951999996746
1012,0.050789189999996154
1013,0.05450582299999951
1014,0.05130464699999493
1015,0.04949565099999376
1016,0.045573631999999975
1017,0.04970563399999861
1018,0.04696682099999805
1019,0.047532979999999725
1020,0.04936491400000165
1021,0.054978562000002285
1022,0.057312301999999704
1023,0.05065005100000519
1024,0.04957904100000121
1025,0.05009870199999966
1026,0.0482107429999985
1027,0.04746844100000658
1028,0.04786554400000398
1029,0.05713013700000147
1030,0.054620700000000966
1031,0.05929078799999843
1032,0.05017638099999999
1033,0.04935838399999426
1034,0.04996180500000236
1035,0.0482503209999976
1036,0.05080657899999608
1037,0.04911363200000096
1038,0.047225289000003556
1039,0.04887975100000119
1040,0.06354115899999613
1041,0.04794151799999469
1042,0.048322244000004844
1043,0.055299046000001795
1044,0.056129392999999084
1045,0.05204204300000015
1046,0.05529122600000136
1047,0.06216431800000066
1048,0.059981955000004916
1049,0.05354842199999865
1050,0.05278383299999945
1051,0.05202106500000525
1052,0.05313901400000276
1053,0.05241215699999913
1054,0.04633016200000384
1055,0.046077175999997166
1056,0.05261446100000455
1057,0.047486872999996876
1058,0.04756884599999722
1059,0.050095912999999825
1060,0.0503445720000002
1061,0.0596220979999984
1062,0.05396351200000282
1063,0.05359633700000188
1064,0.062200317999995036
1065,0.05272745499999587
1066,0.05928136800000061
1067,0.051092445000001874
1068,0.05337808800000232
1069,0.05258736199999703
1070,0.05205197399999406
1071,0.0526155029999984
1072,0.05693258699999859
1073,0.053427870999996685
1074,0.05452363599999899
1075,0.05276647200000184
1076,0.06085969900000521
1077,0.05310978600000027
1078,0.06377449600000062
1079,0.053827474000001985
1080,0.05380054800000522
1081,0.05162448299999767
1082,0.05372914199999457
1083,0.05509474900000555
1084,0.05785259700000012
1085,0.057973403999994844
1086,0.057002554000000316
1087,0.04903584000000194
1088,0.05547845800000317
1089,0.04969490100000229
1090,0.058262948999995956
1091,0.06088945700000181
1092,0.05832270500000192
1093,0.05030277099999836
1094,0.05194553500000154
1095,0.052623154999999144
1096,0.049967146000000184
1097,0.05502387300000322
1098,0.053368904000002715
1099,0.05211385199999796
1100,0.05301973299999929
1101,0.05260878600000041
1102,0.057537186999994105
1103,0.055616067999999075
1104,0.06547103399999799
1105,0.05988392199999737
1106,0.05414249999999754
1107,0.05714569599999919
1108,0.057245078000001115
1109,0.05520366700000068
1110,0.0515292430000045
1111,0.05540028600000113
1112,0.05600430799999856
1113,0.05670116600000341
1114,0.056054204000005825
1115,0.049386638999997956
1116,0.04855108999999658
1117,0.04796687999999705
1118,0.05193754299999398
1119,0.055417832999999916
1120,0.05277693300000408
1121,0.05248214200000234
1122,0.054295476000000065
1123,0.05022739300000012
1124,0.05132056200000079
1125,0.04985279999999648
1126,0.05008445100000358
1127,0.05160036400000223
1128,0.04896511799999814
1129,0.053806675000004134
1130,0.055761572999998066
1131,0.05868798899999916
1132,0.05342558400000286
1133,0.053808551999999565
1134,0.054816873000000044
1135,0.06213382199999984
1136,0.061682581000006564
1137,0.06175723300000158
1138,0.057184834000004514
1139,0.0573084919999971
1140,0.05187440499999951
1141,0.05292982600000329
1142,0.05712637499999573
1143,0.05311051700000036
1144,0.04963986100000284
1145,0.0547754819999966
1146,0.06715978100000086
1147,0.055078455999996834
1148,0.06069153800000038
1149,0.055222993000001
1150,0.0531329530000022
1151,0.05040563099999673
1152,0.055395003000001
1153,0.0544100860000043
1154,0.056327382999995734
1155,0.058083844000002216
1156,0.05436579499999539
1157,0.054115880999994204
1158,0.05830142500000335
1159,0.06783233600000216
1160,0.057057346000000564
1161,0.06850738600000028
1162,0.06255289899999639
1163,0.05955233700000662
1164,0.05025862000000103
1165,0.06004884699999735
1166,0.05036185299999829
1167,0.05259777299999513
1168,0.05324740100000014
1169,0.05467499499999917
1170,0.0571937389999988
1171,0.0564443319999981
1172,0.05986344400000121
1173,0.06248426999999879
1174,0.05522409600000344
1175,0.0506685229999988
1176,0.055444883999996364
1177,0.05443143300000486
1178,0.055198046999990424
1179,0.05971101499999065
1180,0.058366713999987496
1181,0.05725123599999904
1182,0.05509705299999723
1183,0.06083017100000632
1184,0.060190285999993876
1185,0.06534571200000983
1186,0.06103439700000024
1187,0.0630424889999972
1188,0.05872157999999672
1189,0.06125577800000315
1190,0.061253327000002855
1191,0.06452451500000222
1192,0.05795533600000624
1193,0.06336803799999302
1194,0.05879351400000132
1195,0.06514543900000547
1196,0.058652695999995785
1197,0.07019659899999908
1198,0.0610309070000028
1199,0.0637191539999975
1200,0.057672764000002985
1201,0.059930915999999
1202,0.06240578999999968
1203,0.06330682799999465
1204,0.06151283900000237
1205,0.060021583999997574
1206,0.0610635660000014
1207,0.06167342999999903
1208,0.05875645400000451
1209,0.06248739700001238
1210,0.06082041700000218
1211,0.0621708009999935
1212,0.06144465699999557
1213,0.05750804599999526
1214,0.06042038599998989
1215,0.06946914200000265
1216,0.06927828999999974
1217,0.061532746000011684
1218,0.06800389200000723
1219,0.06242556800000898
1220,0.06818259199999943
1221,0.0614360339999962
1222,0.05861512700001015
1223,0.059280596999997215
1224,0.06080699700000025
1225,0.05875533400001132
1226,0.056485824000006346
1227,0.05466418599999656
1228,0.05532695199998727
1229,0.059874509999986
1230,0.053240467999998486
1231,0.06221015900000282
1232,0.05733135399999867
1233,0.0569516619999888
1234,0.05700727499998948
1235,0.05760780699999657
1236,0.051444943000007015
1237,0.056037172000003466
1238,0.05608692699999551
1239,0.054058722999997144
1240,0.05130559200000562
1241,0.06347429100000568
1242,0.06034957800000029
1243,0.06652423799999951
1244,0.060390947000001916
1245,0.06633387899999832
1246,0.06161528500000202
1247,0.059707158999998455
1248,0.0625828010000049
1249,0.06815567900000019
1250,0.06272071600000118
1251,0.06158016899999552
1252,0.06493340600000863
1253,0.06367918800000893
1254,0.07689693100000738
1255,0.06496494999998959
1256,0.06330326799999852
1257,0.06451011699999754
1258,0.06878456200000471
1259,0.07049289100000067
1260,0.07079162200000155
1261,0.07220150199999864
1262,0.07092804099998773
1263,0.06568031000000474
1264,0.07192315200001076
1265,0.06417101600000308
1266,0.06408669099999997
1267,0.060468819000007556
1268,0.06359584199999802
1269,0.06585904300000323
1270,0.06784346599999935
1271,0.062288420000001565
1272,0.06298277400000529
1273,0.07239197399999853
1274,0.06809359100000734
1275,0.06264677299999732
1276,0.06423023199999989
1277,0.06215708399999187
1278,0.060823327000008476
1279,0.06395911699999601
1280,0.058867544999998245
1281,0.05920384899999931
1282,0.06249136400001021
1283,0.08019217899999376
1284,0.06167090900000005
1285,0.07202696400000264
1286,0.07038708899999335
1287,0.060073815000009745
1288,0.06222604699999579
1289,0.06405945699999904
1290,0.058785811000007016
1291,0.05772092600000178
1292,0.0782461300000108
1293,0.06770506300000534
1294,0.06337242200000048
1295,0.06640395999998816
1296,0.06231238699999153
1297,0.05983555000000251
1298,0.0680709749999977
1299,0.07144386299999894
1300,0.08000407499999085
1301,0.0671472900000083
1302,0.06597567200000753
1303,0.06404923700000609
1304,0.06817764099999124
1305,0.0684314589999957
1306,0.06353389400000253
1307,0.06257925099998829
1308,0.06304087200000197
1309,0.06065332100000376
1310,0.060653690999998844
1311,0.06448722599999712
1312,0.06402531199999828
1313,0.07050230599999452
1314,0.06684326900000315
1315,0.07102878799999246
1316,0.0686502599999983
1317,0.06793541000000403
1318,0.06798661099999492
1319,0.06463995099998954
1320,0.0652702489999939
1321,0.0659269979999948
1322,0.06479986799999438
1323,0.06791325700000073
1324,0.06419266700000037
1325,0.06286971299999777
1326,0.062301058999992165
1327,0.10614094999999679
1328,0.06794759899999292
1329,0.06880928100000006
1330,0.06532624700000156
1331,0.06489045600000054
1332,0.06157840800000258
1333,0.061370217999993315
1334,0.060725445000002765
1335,0.06048452499999257
1336,0.06521759499999291
1337,0.06163133799999798
1338,0.06262684899999726
1339,0.06274554399999488
1340,0.062319978000004994
1341,0.05828100399999414
1342,0.06166547600000172
1343,0.05769370700001275
1344,0.0582912450000066
1345,0.06450696100000641
1346,0.06347829099999558
1347,0.06609113300000047
1348,0.06859421200000781
1349,0.06744701700000633
1350,0.07241342299998621
1351,0.07292996900000048
1352,0.06476529799999753
1353,0.07390388099999257
1354,0.06435884300000794
1355,0.07210403400000587
1356,0.07192174300000431
1357,0.07281050800000344
1358,0.06405061299999204
1359,0.06448576799999728
1360,0.08279114600000526
1361,0.06257461599999203
1362,0.06352930999999273
1363,0.058435670999998024
1364,0.06014740599999868
1365,0.06224685000000818
1366,0.0660190650000061
1367,0.06398921800000323
1368,0.07158862299999669
1369,0.06592466699999022
1370,0.06894854200000111
1371,0.06881170100000134
1372,0.0696411290000043
1373,0.061159287999998924
1374,0.06148751700000332
1375,0.0673278750000037
1376,0.06778432299999793
1377,0.06043152000000873
1378,0.07534367800001007
1379,0.06740084999999851
1380,0.06424788800001124
1381,0.06535837900000274
1382,0.06563927099999489
1383,0.06573891799999387
1384,0.0678827699999971
1385,0.07323403899999903
1386,0.07180524099999275
1387,0.07540425099999482
1388,0.06865844200000026
1389,0.06909548199999449
1390,0.08256061699999862
1391,0.07283506399998885
1392,0.06624370900000542
1393,0.07150013899999408
1394,0.06445712900000444
1395,0.06896932100001152
1396,0.07208179199999165
1397,0.06263180999999918
1398,0.07317964099999585
1399,0.07733746499999938
1400,0.07679202299999588
1401,0.06596551299999476
1402,0.06656698999999833
1403,0.06551361399999678
1404,0.06705968200000711
1405,0.06305042299999286
1406,0.06816224399999271
1407,0.06328224899999668
1408,0.06857335099999773
1409,0.06699772399998949
1410,0.07324410900000089
1411,0.06633791699999847
1412,0.07347697000000153
1413,0.08715393200000676
1414,0.0733399500000047
1415,0.06977556699999354
1416,0.0756149999999991
1417,0.08074969300000134
1418,0.06990159199999368
1419,0.08015611599999772
1420,0.0790414899999945
1421,0.07056691200000387
1422,0.06591973099999393
1423,0.07151938999999174
1424,0.06691634799999235
1425,0.07030622599999958
1426,0.06748187999998834
1427,0.06619811900000627
1428,0.06315489600000035
1429,0.06739112300000727
1430,0.06674865799999452
1431,0.07064039100001196
1432,0.06939408099999866
1433,0.06834736300000088
1434,0.07544382999999755
1435,0.07464969400000143
1436,0.0797537699999964
1437,0.07619015599999557
1438,0.08529054500000655
1439,0.0743400670000085
1440,0.0715169679999974
1441,0.07872277199999189
1442,0.08761573799999667
1443,0.06944157200000234
1444,0.06890327300000365
1445,0.0745080009999981
1446,0.07232964300000333
1447,0.06953143200000511
1448,0.08426817700001266
1449,0.07667918799999995
1450,0.09111074000000485
1451,0.07933849200000509
1452,0.08278572600001155
1453,0.07498234099999479
1454,0.07393364499999677
1455,0.07489506800000356
1456,0.0724193620000051
1457,0.0754701009999934
1458,0.08019284499999912
1459,0.07383930100000669
1460,0.07379357800000719
1461,0.06926183800000274
1462,0.07440978500000028
1463,0.06955042100000242
1464,0.07057858299999964
1465,0.0678300910000047
1466,0.07984936500000117
1467,0.0802247010000059
1468,0.07526033599999948
1469,0.07289902300000506
1470,0.08277078599999754
1471,0.08536008800000161
1472,0.07302339599999641
1473,0.08554722499999912
1474,0.08166154100000256
1475,0.07559059999999818
1476,0.07441164200000117
1477,0.0738811319999968
1478,0.0810792120000059
1479,0.08005521199999066
1480,0.07327445200000682
1481,0.07924950400000341
1482,0.07674833400000125
1483,0.07942826900000455
1484,0.07764624400000741
1485,0.07657716999999309
1486,0.08854465199999595
1487,0.07233820200001162
1488,0.07202135499998974
1489,0.07034140199999683
1490,0.07245643299999927
1491,0.07868980199999953
1492,0.07863547099999835
1493,0.07303098399999897
1494,0.07372227500000861
1495,0.06858644099999367
1496,0.0746075260000083
1497,0.07360358200000405
1498,0.07788453599999912
1499,0.07470405000000824
1500,0.07289792000000261
1501,0.07698011600000143
1502,0.07551881400000582
1503,0.0711187449999926
1504,0.08051644799999735
1505,0.08891871000000151
1506,0.07918623699998761
1507,0.08673929999999075
1508,0.08294949299998677
1509,0.07795439800000281
1510,0.0820121389999997
1511,0.07999923600000614
1512,0.08582367799999702
1513,0.07099730299999862
1514,0.07931674600000349
1515,0.09309041800000273
1516,0.08630273699999691
1517,0.07085230900000283
1518,0.07652576899999985
1519,0.06722933300000022
1520,0.0809832369999981
1521,0.0724724729999906
1522,0.08659753800000658
1523,0.07761386600000719
1524,0.07320936300000369
1525,0.06619222800000557
1526,0.08590728999999442
1527,0.07807380300000943
1528,0.0768488580000053
1529,0.0766320280000059
1530,0.08727976000000126
1531,0.06868544900000018
1532,0.08375559200000282
1533,0.08225164300000642
1534,0.08661673399998904
1535,0.08967695299999434
1536,0.07074507900000526
1537,0.07603713700000014
1538,0.0793631459999915
1539,0.08099687700000402
1540,0.08114338600000792
1541,0.07556672399999798
1542,0.07322670800000708
1543,0.0722468230000004
1544,0.0741772319999967
1545,0.07648775399999863
1546,0.07847085199999526
1547,0.08949221899999316
1548,0.07987820600000362
1549,0.08948571799999172
1550,0.08522112900000423
1551,0.08151349499999583
1552,0.08169001899999273
1553,0.07739490999999532
1554,0.08215923999999575
1555,0.08789748000000941
1556,0.08666705000000263
1557,0.08116127899999981
1558,0.080579924999995
1559,0.11957123500000932
1560,0.09137733699999728
1561,0.08399593500000435
1562,0.09068147300000362
1563,0.07487823599998933
1564,0.09284439799999689
1565,0.08286463800000377
1566,0.08161939200000745
1567,0.08594398200000342
1568,0.08237103499999421
1569,0.08643335499999694
1570,0.07940183600000239
1571,0.08330838599999879
1572,0.09100569800000358
1573,0.07669135400000471
1574,0.08125085599999693
1575,0.07472721500001
1576,0.07602820300000701
1577,0.1108402400000017
1578,0.08681810999999584
1579,0.08371818999999903
1580,0.0843284439999934
1581,0.06792043299999762
1582,0.06747682199998906
1583,0.08096260100001018
1584,0.07527346400000567
1585,0.08106397000000243
1586,0.07494899300000668
1587,0.08406549699999744
1588,0.09067750199999125
1589,0.08926062899999465
1590,0.08300691999998833
1591,0.08557608399999594
1592,0.0715218519999894
1593,0.09289662400000509
1594,0.08862978999999882
1595,0.07752138700000444
1596,0.07757709400000579
1597,0.08059784399999614
1598,0.08234531700000502
1599,0.08065569800000105
1600,0.07529571199999907
1601,0.0874454060000005
1602,0.09716221000000758
1603,0.08118082800000082
1604,0.08381691900000021
1605,0.08116099699999779
1606,0.09451528499999995
1607,0.08137560200000848
1608,0.08292146100001219
1609,0.0863005270000059
1610,0.08346017799999572
1611,0.08135214399999313
1612,0.08336594500001127
1613,0.090900297999994
1614,0.08352169799999842
1615,0.06830762799999945
1616,0.08495774700000425
1617,0.08399445000000583
1618,0.07341811899999584
1619,0.07831328599999665
1620,0.07854659599999536
1621,0.09274040400001127
1622,0.08244648600000914
1623,0.07466518299997915
1624,0.08458581599998638
1625,0.07698784199999409
1626,0.08893021699998371
1627,0.08098084100001302
1628,0.08038422499998887
1629,0.08264735800000267
1630,0.08197627999999213
1631,0.08453606799997715
1632,0.07745202399999584
1633,0.07789316699998494
1634,0.080584784999985
1635,0.07734213999998474
1636,0.0797565330000225
1637,0.07610053900000935
1638,0.07708414100000027
1639,0.0900366219999853
1640,0.08856290500000341
1641,0.09320138999999017
1642,0.08793412300002501
1643,0.09913461900001153
1644,0.09525474299999814
1645,0.08815242300002524
1646,0.09798450600001729
1647,0.08449748999998974
1648,0.09607995300001448
1649,0.14035775099998204
1650,0.0939796989999877
1651,0.08090626500001008
1652,0.09682083100000227
1653,0.09582896400002028
1654,0.08530551600000535
1655,0.09664933099998052
1656,0.07947350699998879
1657,0.087707426999998
1658,0.09618022800000858
1659,0.09709171100001868
1660,0.09154917000000751
1661,0.08105328499999587
1662,0.08932632700000909
1663,0.10218978000000334
1664,0.09176668500001028
1665,0.08961106600000335
1666,0.09354419799998936
1667,0.09429244400001835
1668,0.0901790480000102
1669,0.09945594800001345
1670,0.08968070799997463
1671,0.09128448900000308
1672,0.09619296200000349
1673,0.08321179999998662
1674,0.0873656130000029
1675,0.08936962800001425
1676,0.08670678400000043
1677,0.08840332900001613
1678,0.08406017799998722
1679,0.08099980899999082
1680,0.0847843800000021
1681,0.09003286000000799
1682,0.08450459800002363
1683,0.11375826299999403
1684,0.07976466499999901
1685,0.0825135469999907
1686,0.08319218600001932
1687,0.08223101500001917
1688,0.08444117499999493
1689,0.07737942600002157
1690,0.07835501499999964
1691,0.1107029149999903
1692,0.08707927099999324
1693,0.08894180699999765
1694,0.07794673300000454
1695,0.09365037199998483
1696,0.0916882300000168
1697,0.08693906700000298
1698,0.09223667099999489
1699,0.10099243400000546
1700,0.08963045699999839
1701,0.08655003999999167
1702,0.09806954900000164
1703,0.0847271320000118
1704,0.09288471999997228
1705,0.09107470200001444
1706,0.08551790000001347
1707,0.08578815900000336
1708,0.08356356300001266
1709,0.08766081699999972
1710,0.10278842799999666
1711,0.08010523199999398
1712,0.0824075490000098
1713,0.08422734100000184
1714,0.08432018999999968
1715,0.08296955800000205
1716,0.08657506000000126
1717,0.08392386900001725
1718,0.09032724799999414
1719,0.08390324800001281
1720,0.07959617899999216
1721,0.08404742599998372
1722,0.08932195999997816
1723,0.0911408940000058
1724,0.10416594000000146
1725,0.09172451599999931
1726,0.08923778700000184
1727,0.09495577699999558
1728,0.09721919399999024
1729,0.08520515600000067
1730,0.08713446199999453
1731,0.08950728300001742
1732,0.08994364400001587
1733,0.0981638920000023
1734,0.09520798399998398
1735,0.09915575199997306
1736,0.09066369600000712
1737,0.08578604199999518
1738,0.08221049499999822
1739,0.08755504000001224
1740,0.09233375200000182
1741,0.09039105700000505
1742,0.08887007199999175
1743,0.08508014399998842
1744,0.10213319400000387
1745,0.0910772719999784
1746,0.09644026099999792
1747,0.07601411600001029
1748,0.08938913699998352
1749,0.09849458499999741
1750,0.10333285400000136
1751,0.09556455399999209
1752,0.0787970289999862
1753,0.08070949399998995
1754,0.08451377700001217
1755,0.09739857099998517
1756,0.09304029800000535
1757,0.08567471399999249
1758,0.100742294000014
1759,0.09967034799998942
1760,0.08320376800000417
1761,0.09654110600001786
1762,0.08707332000000179
1763,0.09185550800000897
1764,0.0890732000000014
1765,0.09198109799999088
1766,0.09525040799999829
1767,0.09947289900000555
1768,0.09131084200001283
1769,0.08823439699997948
1770,0.0911167210000201
1771,0.09448828800000797
1772,0.09679036299999666
1773,0.12542802199999414
1774,0.09264405900000838
1775,0.0909739889999912
1776,0.08930509300000722
1777,0.10025092300000438
1778,0.10841677199999822
1779,0.08545319800001039
1780,0.11971364100000415
1781,0.07869089299998677
1782,0.09057853999999566
1783,0.08674194100001387
1784,0.08836398699997972
1785,0.08487086499999918
1786,0.0905461639999885
1787,0.0957449429999997
1788,0.0938743620000082
1789,0.09415683899999294
1790,0.09112617499999942
1791,0.0943499020000047
1792,0.0928898610000033
1793,0.09306164099999137
1794,0.09574913100001936
1795,0.10202253400001382
1796,0.09060773100000574
1797,0.09425964400000453
1798,0.09560750699998266
1799,0.10246031299999458
1800,0.08926854899999626
1801,0.08728717800002528
1802,0.1071933910000098
1803,0.08303995500000383
1804,0.09469415899999944
1805,0.08577546899999788
1806,0.09452334900001347
1807,0.10111198100000252
1808,0.10452638999998953
1809,0.08498181300001306
1810,0.08904556199999547
1811,0.09290133199999673
1812,0.08849776399998177
1813,0.0913970210000059
1814,0.09922381300000893
1815,0.1279296200000033
1816,0.09815788399998837
1817,0.10256025399999658
1818,0.09548372899999436
1819,0.09734719700000483
1820,0.08767417800001454
1821,0.09259388800001034
1822,0.09732562600001415
1823,0.12225958600001263
1824,0.08967673000000786
1825,0.09035943699998938
1826,0.0887210429999925
1827,0.09965124999999375
1828,0.09163841200000888
1829,0.09527555599999005
1830,0.0902855509999938
1831,0.09644420499998319
1832,0.09095953299998882
1833,0.0928169329999946
1834,0.09729463200000055
1835,0.09932280399999627
1836,0.09851356999999439
1837,0.10787658300000658
1838,0.10597162799999182
1839,0.10349077500001158
1840,0.10045530700000427
1841,0.09810519100000192
1842,0.096514529000018
1843,0.09844860499998731
1844,0.09585794099999134
1845,0.1061472050000134
1846,0.10274497700001461
1847,0.12178522100001032
1848,0.11386699700000236
1849,0.10706466900001033
1850,0.09530271399998469
1851,0.09688957099999129
1852,0.0891543209999952
1853,0.09861246699998105
1854,0.09876047599999538
1855,0.10391905700001303
1856,0.10476611900000421
1857,0.10104504800000313
1858,0.09597178199999234
1859,0.11163677100000768
1860,0.11526049899998725
1861,0.099781801000006
1862,0.09952231600001937
1863,0.10035269399998015
1864,0.10822464700001433
1865,0.10144255299999827
1866,0.10402958500000636
1867,0.10074954499998512
1868,0.0909040589999961
1869,0.08940079100000276
1870,0.09398268600000392
1871,0.09813322499999799
1872,0.09962980100002028
1873,0.09430515900001524
1874,0.09030949000000987
1875,0.09473459800000228
1876,0.11698929199999952
1877,0.09405565199998023
1878,0.10065632399999913
1879,0.10427733399998829
1880,0.09953758300000004
1881,0.10314862400002767
1882,0.09854254599997603
1883,0.09936280299999112
1884,0.09301759400000265
1885,0.09255921899998043
1886,0.09510821099999589
1887,0.09986787799999775
1888,0.09787657399999716
1889,0.10729036000000747
1890,0.11392477399999734
1891,0.09209533200001374
1892,0.09840661000001205
1893,0.09714556199998015
1894,0.10884652200002165
1895,0.1013132439999822
1896,0.0992759890000059
1897,0.10386099900000545
1898,0.0889872710000077
1899,0.09483546300000967
1900,0.09575751399998467
1901,0.09795204499999954
1902,0.09148258199999759
1903,0.1178738019999912
1904,0.10475587199999836
1905,0.09293712199999504
1906,0.09362448600001017
1907,0.11069776200000092
1908,0.10280742999998438
1909,0.10137127699999837
1910,0.1307139310000025
1911,0.0942141099999958
1912,0.09537743300001011
1913,0.10039970100001483
1914,0.10104031000000191
1915,0.10378317199999287
1916,0.10337783899998954
1917,0.10201746199999207
1918,0.11127569600000697
1919,0.10520295800000667
1920,0.10038703600000076
1921,0.09636372400001392
1922,0.10634026900001459
1923,0.09470554299997502
1924,0.10985467899999435
1925,0.09040204900000504
1926,0.09582294300000171
1927,0.10075174499999662
1928,0.09706673499999852
1929,0.10578809699998715
1930,0.11471141900000248
1931,0.1054295669999874
1932,0.09888301099999808
1933,0.0949576900000011
1934,0.10365252299999383
1935,0.09614379199999235
1936,0.1014853759999994
1937,0.09467084400000658
1938,0.11918395299997542
1939,0.10433275400001207
1940,0.09964404100000479
1941,0.10284499200000141
1942,0.10248000499998966
1943,0.1338583379999818
1944,0.11372003899998617
1945,0.10387813400001278
1946,0.09933391100000222
1947,0.0965260819999969
1948,0.14567294500000116
1949,0.10110024200000112
1950,0.10840544799998497
1951,0.10294078800001216
1952,0.09949568500002215
1953,0.10944275899998956
1954,0.09988883400001214
1955,0.09133141199998818
1956,0.09242882799998142
1957,0.08942405799999165
1958,0.10642389700001331
1959,0.11265430900002116
1960,0.09704872000000364
1961,0.10438432800000896
1962,0.11898108199997637
1963,0.10924572700000112
1964,0.10301029699999731
1965,0.11667964400001551
1966,0.10372510100000909
1967,0.10915614300000698
1968,0.10492106999998896
1969,0.1242243149999922
1970,0.11063340300000846
1971,0.10545501100000365
1972,0.12482753400001911
1973,0.10494846699998561
1974,0.10024673800000983
1975,0.09894970799999214
1976,0.10047486599998479
1977,0.1015213309999865
1978,0.10694321899998727
1979,0.0996864229999801
1980,0.1002278800000056
1981,0.11885356499999489
1982,0.1083639360000177
1983,0.10127399399999604
1984,0.09739597300000469
1985,0.10138334599997734
1986,0.11118519900000479
1987,0.10212042300000235
1988,0.10351569799999538
1989,0.10853009299998462
1990,0.11022228000001633
1991,0.10279739500001028
1992,0.10482209500000295
1993,0.11303280600000676
1994,0.1169186330000116
1995,0.11559694300001411
1996,0.11617432200000621
1997,0.10513535100000126
1998,0.10850275699999656
1999,0.10377778200000876
2000,0.10835540600001536
2001,0.1066356350000035
2002,0.09963438799999835
2003,0.10319876899998803
2004,0.10014973399998439
2005,0.09664647100001389
2006,0.10005704099998525
2007,0.11483431999999993
2008,0.1128881989999968
2009,0.1059025790000021
2010,0.11398499099999526
2011,0.10410158499999511
2012,0.10403741800001853
2013,0.10327648200001249
2014,0.10558891599998788
2015,0.10823835100001133
2016,0.11419299199999955
2017,0.1269534890000159
2018,0.11523654800001282
2019,0.11130780100000948
2020,0.10230234900001278
2021,0.10929265300001134
2022,0.1061455280000132
2023,0.11527233699999329
2024,0.10287824699997827
2025,0.10980569000000173
2026,0.14126726000000644
2027,0.12846991099999627
2028,0.09530300499997679
2029,0.10003291499998568
2030,0.11727863599998045
2031,0.10562789100001169
2032,0.09907117500000595
2033,0.10729397600002244
2034,0.12021631400000388
2035,0.09826363199999832
2036,0.10212986700000215
2037,0.11167574000000968
2038,0.10859332800001198
2039,0.10476432799998747
2040,0.1092712790000121
2041,0.1085713319999968
2042,0.11328366300000425
2043,0.11216694099999813
2044,0.11569705899998439
2045,0.11457750899998587
2046,0.10319971100000203
2047,0.10691051199998469
2048,0.10953875999999241
2049,0.10072461400000066
2050,0.11163704300000177
2051,0.09929704700002162
2052,0.12729593500000647
2053,0.10616355700000213
2054,0.10166774000001055
2055,0.1064149240000063
2056,0.10351995799999258
2057,0.10557475400000271
2058,0.11626879099998177
2059,0.12160516699998425
2060,0.11944620300002384
2061,0.10920923099999413
2062,0.1301797259999944
2063,0.11126061999999592
2064,0.11124306000002093
2065,0.11416773000001967
2066,0.10874740899998869
2067,0.11331831399999714
2068,0.11022852799999328
2069,0.11511996400000157
2070,0.10683099700000298
2071,0.11175566000000003
2072,0.10489056399998731
2073,0.11553566500001011
2074,0.10401761599999304
2075,0.09900210800000764
2076,0.10503024900000923
2077,0.11948046399999157
2078,0.1081879939999908
2079,0.10698596299999963
2080,0.10987645299999826
2081,0.11844435099999373
2082,0.11051308899999412
2083,0.09912984500002153
2084,0.11241334199999642
2085,0.10540431600000488
2086,0.10081183999997734
2087,0.11164640399999826
2088,0.10667279699998744
2089,0.10762886599999888
2090,0.10324832099999526
2091,0.1043130040000051
2092,0.10421231699999112
2093,0.10968937000001233
2094,0.10536373299999013
2095,0.10477916099998197
2096,0.12190447100002189
2097,0.11107678300001567
2098,0.1205863989999898
2099,0.10843814800000473
2100,0.10233631100001617
2101,0.11248437399999034
2102,0.12615914500000258
2103,0.10659390000000712
2104,0.10116497600000685
2105,0.11990778399999158
2106,0.10955897300001993
2107,0.10788526099997853
2108,0.09894149400000174
2109,0.09702388400000928
2110,0.10541573000000426
2111,0.10846232899999109
2112,0.11939577600000462
2113,0.12333631199999218
2114,0.11536627499998531
2115,0.11382291500001429
2116,0.1155471349999857
2117,0.1049152719999995
2118,0.10625108700000396
2119,0.128060056999999
2120,0.10910719299999982
2121,0.11003778700001021
2122,0.11392972500001974
2123,0.10922368200002097
2124,0.106763433999987
2125,0.10748432900001603
2126,0.10428429500001357
2127,0.11736516600001323
2128,0.10798971900001675
2129,0.10415085200000362
2130,0.10844438199998763
2131,0.10441294699998593
2132,0.10949028799998928
2133,0.11115372300000104
2134,0.11709630600000764
2135,0.11886033600001156
2136,0.11625336599999514
2137,0.11664570799999296
2138,0.1080998839999836
2139,0.11569615299998759
2140,0.11753227099998753
2141,0.11569247499997459
2142,0.11295627000001218
2143,0.12970788400002675
2144,0.1083862609999926
2145,0.11415453300000422
2146,0.11136944099999369
2147,0.10890586799999369
2148,0.12973336199999608
2149,0.12536337699998512
2150,0.11377187900001218
2151,0.1451597349999929
2152,0.10817389600001093
2153,0.10550384799998369
2154,0.11257074099998476
2155,0.11930295900000942
2156,0.13124844699999016
2157,0.11657559799999717
2158,0.12328187699998239
2159,0.12064765200000238
2160,0.12400771000000077
2161,0.12036908999999696
2162,0.12410959099997854
2163,0.12868881200000715
2164,0.11095219500001008
2165,0.11014418799999248
2166,0.11716905099999053
2167,0.11732614300001387
2168,0.11445660999999063
2169,0.1155507150000119
2170,0.10861518499999079
2171,0.11005643100000384
2172,0.11519287100000497
2173,0.11081844899999282
2174,0.11216222099997708
2175,0.10945057199998587
2176,0.11216004500002441
2177,0.11596607600000652
2178,0.1090387620000115
2179,0.10868087299999729
2180,0.12192695100000606
2181,0.11699177099998792
2182,0.1326146529999903
2183,0.1162492240000006
2184,0.11438406499999587
2185,0.10284085900002538
2186,0.11353504699999917
2187,0.11308648900001117
2188,0.11115649900000335
2189,0.10702476899999169
2190,0.10106883399998878
2191,0.10598613400000545
2192,0.10671943700000952
2193,0.1349591329999953
2194,0.10900606399999901
2195,0.11021820499999535
2196,0.11565986100001169
2197,0.12437917299999413
2198,0.1093961189999959
2199,0.11186971600000106
2200,0.11399726100000862
2201,0.11621860100001413
2202,0.11104400400000713
2203,0.10601118199997472
2204,0.10765874800000574
2205,0.09803823600000783
2206,0.10315899200000445
2207,0.12630220700000905
2208,0.13883890200000337
2209,0.12401190799999995
2210,0.1204762760000051
2211,0.10419287500002383
2212,0.12048344499999075
2213,0.12052499000000694
2214,0.113007854000017
2215,0.10649831200001358
2216,0.11879535500000316
2217,0.11491681299997936
2218,0.1319852160000039
2219,0.1183603830000095
2220,0.11628784000001247
2221,0.12382763499999783
2222,0.12507453599999963
2223,0.11969747600002734
2224,0.12296788000000447
2225,0.11921125099999585
2226,0.11259616299997788
2227,0.1250093829999912
2228,0.12016240100001596
2229,0.12093868700000598
2230,0.12484438300000988
2231,0.11701774399998044
2232,0.11764195800000721
2233,0.11330961400000206
2234,0.1171358830000031
2235,0.11955453300001295
2236,0.11223936799999024
2237,0.11880936299999689
2238,0.12520417500002168
2239,0.12158340800004908
2240,0.13892878399997244
2241,0.12687479400000257
2242,0.12474685000000818
2243,0.13675805200000468
2244,0.13292616799998314
2245,0.12122134200001256
2246,0.11731593400003248
2247,0.11837546299994983
2248,0.12905982699999186
2249,0.11399580300002299
2250,0.10769687800001293
2251,0.1257382559999769
2252,0.11771381300002304
2253,0.11907576200002268
2254,0.12058028199999171
2255,0.11599180899997918
2256,0.11560642799997822
2257,0.1166706409999847
2258,0.11258334199999354
2259,0.1240025820000028
2260,0.12301034799997979
2261,0.1298983890000045
2262,0.11282706099996176
2263,0.12121020999995835
2264,0.12317241899995679
2265,0.12645361900001717
2266,0.12918961300005094
2267,0.1183622469999932
2268,0.12892892900003972
2269,0.12735416599997507
2270,0.12487985799998569
2271,0.11437564599998495
2272,0.10595235799996772
2273,0.11208319799999344
2274,0.12655833900004154
2275,0.13741828099995246
2276,0.12961469700002226
2277,0.11642136299997219
2278,0.12503262499996026
2279,0.12482082499997205
2280,0.12581849499997588
2281,0.12776616500002547
2282,0.12033301399998209
2283,0.1140298610000059
2284,0.13278697600003397
2285,0.11776455099999339
2286,0.12286902599998939
2287,0.11407908099999986
2288,0.13173002799999267
2289,0.11738950099999101
2290,0.11870825099998683
2291,0.12056556699997145
2292,0.12480347400003211
2293,0.11496111799999653
2294,0.1255931759999953
2295,0.11719776399996817
2296,0.12541630100002976
2297,0.12190169699999842
2298,0.10998629499999879
2299,0.11206135100002257
2300,0.15903106299998626
2301,0.10241009899999653
2302,0.12127655000000459
2303,0.11817438700001048
2304,0.12124012599997513
2305,0.10796965899999122
2306,0.11737062299999934
2307,0.10869748900000786
2308,0.1173875299999736
2309,0.13324622600003977
2310,0.1147746049999796
2311,0.11986659500001906
2312,0.12476888399999098
2313,0.12394892499997923
2314,0.12081423299997596
2315,0.1108461069999862
2316,0.11473115699999425
2317,0.11792316500003608
2318,0.11834941000000754
2319,0.12306375099996103
2320,0.11196443900001896
2321,0.1110206100000255
2322,0.11196700400000736
2323,0.12126325700000962
2324,0.13080428699998947
2325,0.12142177099997298
2326,0.11252876000003198
2327,0.1286455729999716
2328,0.11114963299996816
2329,0.13216379199997164
2330,0.11550726399997302
2331,0.1323692219999657
2332,0.12160427300000265
2333,0.11847417200004884
2334,0.11987334500003044
2335,0.12207134500005168
2336,0.14174610100002383
2337,0.12221413999998276
2338,0.12841266899999937
2339,0.1262175019999745
2340,0.12888192399998388
2341,0.12334289900002204
2342,0.12223546100000249
2343,0.1247247839999659
2344,0.13949160100003155
2345,0.1188840149999919
2346,0.12436763299996301
2347,0.12155806300000904
2348,0.12494434899997486
2349,0.1284800950000431
2350,0.13153585500003828
2351,0.12061946500000431
2352,0.11262878999997383
2353,0.12879678600000943
2354,0.12054071500000418
2355,0.12494857300004014
2356,0.11462028100004318
2357,0.12227010800000926
2358,0.12622168899997632
2359,0.12123795600001586
2360,0.1351248940000005
2361,0.1290574500000048
2362,0.11969900400004008
2363,0.1256886480000503
2364,0.13061598900003446
2365,0.1359353500000111
2366,0.1347757510000065
2367,0.12563110199999983
2368,0.12690616300000102
2369,0.12990833600002816
2370,0.13554219900004227
2371,0.13414668799998708
2372,0.12946204800005034
2373,0.1263549949999856
2374,0.1233569290000105
2375,0.14886317599996346
2376,0.1287447550000138
2377,0.12356875599999739
2378,0.12134929299998021
2379,0.13097083899998552
2380,0.14360151199997517
2381,0.1202206359999991
2382,0.12308543400001781
2383,0.12671878099996547
2384,0.14085712799999328
2385,0.13870064299999285
2386,0.11702308399998174
2387,0.11718841000003977
2388,0.12408843100001832
2389,0.12196953799997345
2390,0.11957556200002273
2391,0.12850914900002408
2392,0.12135607900000878
2393,0.11985091799999736
2394,0.14530427799996914
2395,0.1251353579999659
2396,0.11386255100001108
2397,0.12424230699997452
2398,0.1255505130000074
2399,0.1316961189999688
2400,0.10833225900000798
2401,0.13690473700000894
2402,0.13169715299994778
2403,0.1352764409999736
2404,0.11954255200004127
2405,0.12021857100000943
2406,0.12416550500000767
2407,0.10589911100004201
2408,0.12176283100001228
2409,0.12401551699997526
2410,0.1257523570000103
2411,0.12569556800002601
2412,0.12495082700002058
2413,0.12222811200001615
2414,0.11649796400001833
2415,0.10901770599997462
2416,0.11996760199997425
2417,0.12939655900004254
2418,0.12871577599997863
2419,0.13570103099999642
2420,0.12306248400000186
2421,0.12981732100001864
2422,0.12746319899997616
2423,0.12280153400001836
2424,0.1268906870000137
2425,0.12885945499999707
2426,0.12879330999999183
2427,0.13115870100000393
2428,0.1288944439999682
2429,0.13124794499998416
2430,0.13131831499998725
2431,0.1453139379999584
2432,0.13483709799999133
2433,0.11474622299999737
2434,0.11856932000000597
2435,0.17463845700001457
2436,0.13769740600002933
2437,0.1449905979999926
2438,0.12487275600000203
2439,0.11772949800001697
2440,0.1219063549999646
2441,0.13411937000000762
2442,0.13639754799999082
2443,0.1423867039999891
2444,0.13162064299996246
2445,0.13596210299999711
2446,0.12419128300001603
2447,0.12681852100001834
2448,0.1510538740000129
2449,0.13890354900001967
2450,0.11754251800005022
2451,0.11997207199999593
2452,0.13817773099998476
2453,0.14268763900003023
2454,0.1405128609999906
2455,0.1429024459999937
2456,0.1375444859999675
2457,0.13641131000002815
2458,0.14072982199996886
2459,0.1339040339999542
2460,0.13761791000001722
2461,0.15038861099998257
2462,0.17479075699998248
2463,0.13821983299999374
2464,0.1316401249999899
2465,0.12180941700000858
2466,0.12797223799998392
2467,0.14251850699997703
2468,0.12796518200002538
2469,0.13676835199999005
2470,0.12405867900002931
2471,0.1261786700000016
2472,0.1275372239999797
2473,0.1307055089999949
2474,0.134376044000021
2475,0.15666504900002565
2476,0.1525489050000033
2477,0.13308548399999154
2478,0.13007632400001512
2479,0.15115285299998504
2480,0.13636281599997346
2481,0.12464759400000958
2482,0.150136912999983
2483,0.15151349300003858
2484,0.13302128899999843
2485,0.13293030200003386
2486,0.15359421599998768
2487,0.1378094410000017
2488,0.1418953790000046
2489,0.12578830199998947
2490,0.12586967099997537
2491,0.13283208600000762
2492,0.12292725600002541
2493,0.1322363080000173
2494,0.13140764700000318
2495,0.13283225700001822
2496,0.12883229700003085
2497,0.13327273700002706
2498,0.1329366879999725
2499,0.1352153970000245
2500,0.13359212500000694
2501,0.12855475300000307
2502,0.13257300800000849
2503,0.1282860860000028
2504,0.12811797599999863
2505,0.1304205309999702
2506,0.12875521999995954
2507,0.14095459099996788
2508,0.12550961400000915
2509,0.1529040659999623
2510,0.14504924400000618
2511,0.14569090700001652
2512,0.1440716489999545
2513,0.14880415900000799
2514,0.13742537900003526
2515,0.14736506200000576
2516,0.1469821200000183
2517,0.15106664000001047
2518,0.13775551800000585
2519,0.13962070700000595
2520,0.14861201799999435
2521,0.12834173800001736
2522,0.12802144700003737
2523,0.12562472299998717
2524,0.12829514099996686
2525,0.15028218600002674
2526,0.14008894400001282
2527,0.1397061569999778
2528,0.12105848400000241
2529,0.13011593499999208
2530,0.13993014800001902
2531,0.1445603800000299
2532,0.13129544800000303
2533,0.13900375100001838
2534,0.13406702899999345
2535,0.1317103739999652
2536,0.13198792000002868
2537,0.12954035199999225
2538,0.14225004300004684
2539,0.1316101319999916
2540,0.13088894700001674
2541,0.13385282300004064
2542,0.13355049000000463
2543,0.1294927239999879
2544,0.1394978920000085
2545,0.1571032530000025
2546,0.11214385799996762
2547,0.14070751200000586
2548,0.14242794100005085
2549,0.13206431600002588
2550,0.14379175900000973
2551,0.14289565199999288
2552,0.14851904599998988
2553,0.14569675299998153
2554,0.16303279999999631
2555,0.13405319399998916
2556,0.13373505600003455
2557,0.13756698200000983
2558,0.1262513849999891
2559,0.13706710500002828
2560,0.13547661700005165
2561,0.130318012000032
2562,0.13914550900000222
2563,0.14818819900000335
2564,0.13798541299996714
2565,0.13011116600000605
2566,0.14544371499999897
2567,0.14277263499997161
2568,0.14165350999996917
2569,0.14096098900000698
2570,0.1452686549999953
2571,0.1330202370000393
2572,0.13633315199996332
2573,0.14871572300000935
2574,0.14522664100002203
2575,0.13229463800001895
2576,0.13456812100002935
2577,0.1292946190000066
2578,0.12916629599999396
2579,0.14282182800002374
2580,0.1298850219999963
2581,0.14204191999999694
2582,0.16240728299999319
2583,0.140870394999979
2584,0.14010675299999775
2585,0.1379005320000033
2586,0.1369062690000078
2587,0.1518805279999924
2588,0.13252471599997762
2589,0.14252878299998883
2590,0.1312948010000241
2591,0.13232881499999394
2592,0.12674664899998334
2593,0.13724947600002224
2594,0.1471592319999786
2595,0.1530397899999798
2596,0.14149728499995717
2597,0.14279383100000587
2598,0.1463206099999752
2599,0.1407836270000189
2600,0.1360567120000269
2601,0.14705381499999248
2602,0.14326773099998036
2603,0.1350402269999904
2604,0.14233915599999136
2605,0.14640485399996805
2606,0.13980778800004146
2607,0.1457888159999925
2608,0.1625854320000144
2609,0.1467622930000516
2610,0.14139806800000088
2611,0.14869962300002726
2612,0.15646953199996005
2613,0.1669784040000195
2614,0.15820879400001786
2615,0.14801677499997368
2616,0.14391309999996338
2617,0.14371947000000773
2618,0.15835330100003375
2619,0.1285845699999868
2620,0.15134990300003892
2621,0.15775340800001914
2622,0.14122076500001413
2623,0.13698805600000696
2624,0.14009209499999997
2625,0.13309663400002592
2626,0.14169034500002908
2627,0.13602966499996683
2628,0.1350767040000278
2629,0.1497724500000004
2630,0.14489638600002763
2631,0.1576295689999938
2632,0.13810781499995528
2633,0.1382736790000081
2634,0.1323243300000172
2635,0.16265453699998034
2636,0.15710660600001347
2637,0.14306981599997926
2638,0.1219695059999708
2639,0.1493386829999963
2640,0.14256102199999532
2641,0.14349917900000264
2642,0.1307767089999743
2643,0.13489247699999396
2644,0.13298590099998364
2645,0.1334670399999709
2646,0.1522117220000041
2647,0.14905436699996244
2648,0.13971427999996422
2649,0.14045783200003825
2650,0.13482482000000573
2651,0.13108717700004036
2652,0.132070844999987
2653,0.13165177400003358
2654,0.1307214239999439
2655,0.1510542710000209
2656,0.14652382899998884
2657,0.14687083999996275
2658,0.14592649499996924
2659,0.14567572600003587
2660,0.13776295200000277
2661,0.12482110600001306
2662,0.13536204900003668
2663,0.14328069399999777
2664,0.15589849999997796
2665,0.14870051900004455
2666,0.13963694500000656
2667,0.13091678099999626
2668,0.1386792030000379
2669,0.16410156599999937
2670,0.13961040200001662
2671,0.14221648500000583
2672,0.155930235000028
2673,0.13563775799997302
2674,0.1426760069999773
2675,0.14085393899995324
2676,0.1331044039999938
2677,0.12790676399998802
2678,0.14088345899995147
2679,0.1436087619999853
2680,0.1399002090000181
2681,0.14760038700001132
2682,0.12202647599997363
2683,0.13978481999998849
2684,0.14585408799996458
2685,0.14220710299997563
2686,0.13366268599997966
2687,0.14016248000001497
2688,0.1541872059999605
2689,0.13276129199999787
2690,0.15607570100002022
2691,0.1333998880000422
2692,0.14229079199998296
2693,0.1454203639999605
2694,0.13060869999998204
2695,0.15211820199999693
2696,0.13811585100000912
2697,0.14854517399999168
2698,0.15321591600002193
2699,0.14674650300003123
2700,0.1603203150000354
2701,0.15273366400003852
2702,0.15086840099996834
2703,0.14674437200000057
2704,0.1459581390000153
2705,0.1364603920000036
2706,0.1690660360000038
2707,0.15757866600000625
2708,0.14421628299999156
2709,0.15004227299999684
2710,0.14836866000001692
2711,0.14391291800001227
2712,0.15287412800000766
2713,0.14858786699994653
2714,0.1524143809999714
2715,0.15541662800001177
2716,0.15136302799999157
2717,0.14927931800002625
2718,0.14435777599999255
2719,0.1457527389999882
2720,0.14857018700001845
2721,0.14478761700001996
2722,0.14606904600003645
2723,0.14035762200001045
2724,0.14707264899999473
2725,0.14911881800003357
2726,0.1483703979999973
2727,0.15492248000003883
2728,0.16305801999999403
2729,0.15881367500003307
2730,0.14980998900000486
2731,0.14699512999999342
2732,0.13841294500002732
2733,0.14621463399998902
2734,0.1447507859999746
2735,0.15981246399996962
2736,0.15341633200000615
2737,0.1541549879999593
2738,0.1558749769999963
2739,0.15463786700001947
2740,0.14649053600004436
2741,0.13910763899997391
2742,0.15452985899997884
2743,0.16480935500004534
2744,0.1514004409999643
2745,0.16222645900000998
2746,0.14230064500003436
2747,0.16114226799999187
2748,0.14838914699998895
2749,0.1406051029999844
2750,0.15506568600000037
2751,0.1476742209999884
2752,0.1530533959999616
2753,0.1409280980000176
2754,0.15416274900002236
2755,0.18917747200003987
2756,0.1436879880000106
2757,0.14068388300000834
2758,0.13708414199999197
2759,0.14236932800002933
2760,0.150126666999995
2761,0.1564089760000229
2762,0.15815658399998256
2763,0.16977008099996738
2764,0.1703060390000246
2765,0.15235802400002285
2766,0.14664399400004413
2767,0.15782133199996906
2768,0.16991517499997144
2769,0.16005978099997265
2770,0.16273849800001017
2771,0.1542537560000028
2772,0.1655195879999951
2773,0.14608562699999084
2774,0.15784570499999973
2775,0.1553283449999867
2776,0.16170295199998463
2777,0.14912263799999437
2778,0.16671799700003476
2779,0.13988881199998104
2780,0.13784845200001428
2781,0.14292437500000688
2782,0.1375575160000153
2783,0.1489677079999865
2784,0.15952641699999504
2785,0.1522631570000499
2786,0.1361438100000214
2787,0.13609733999999207
2788,0.14925291499997684
2789,0.14591895500001328
2790,0.15063417100003562
2791,0.15754458399999294
2792,0.14767179700004363
2793,0.14577274200001966
2794,0.15191304199998967
2795,0.17242435200000727
2796,0.15052519300002132
2797,0.16188241799994785
2798,0.15227563100000907
2799,0.1488495700000385
2800,0.14207426199999418
2801,0.1468050970000263
2802,0.14689606899997898
2803,0.14214168900002733
2804,0.1463048520000143
2805,0.14735845900003142
2806,0.14546194700000115
2807,0.1551213340000004
2808,0.1577842020000162
2809,0.14784617600003003
2810,0.15169364700000187
2811,0.16442384100002982
2812,0.15432073199997376
2813,0.13641976200000272
2814,0.14402171400001862
2815,0.14623430099999268
2816,0.14542673500000092
2817,0.1394024409999588
2818,0.1437068050000221
2819,0.15334821400000465
2820,0.1497821720000161
2821,0.14565156300000126
2822,0.13948516099998187
2823,0.14860052099999166
2824,0.14779340400002638
2825,0.14725691299997834
2826,0.14983439399998133
2827,0.14401958899998135
2828,0.14205455399996936
2829,0.156317515000012
2830,0.15341593299996248
2831,0.1359404510000104
2832,0.15761024200003249
2833,0.16523999300000014
2834,0.1570498120000252
2835,0.15377363300001434
2836,0.15513363500002697
2837,0.16515831800001024
2838,0.15186325700000225
2839,0.16075459899997213
2840,0.14448118999996495
2841,0.14701862300000812
2842,0.15190375899999253
2843,0.15155885899997656
2844,0.1419031949999976
2845,0.18322534599997198
2846,0.15019473400002425
2847,0.16759396600002674
2848,0.17378667299999506
2849,0.15926387999996905
2850,0.15365317399999867
2851,0.1546836159999998
2852,0.174333493000006
2853,0.15899332300000424
2854,0.15701999100002695
2855,0.1563163739999709
2856,0.14410681100002876
2857,0.1488702450000119
2858,0.14099797500000477
2859,0.1531654309999908
2860,0.15140174200001866
2861,0.15446409399999084
2862,0.15156354999999166
2863,0.15196062499995833
2864,0.1532762819999789
2865,0.15325407299997096
2866,0.15978364000000056
2867,0.15614398200000323
2868,0.1437406059999944
2869,0.14858312800004114
2870,0.15371652900000754
2871,0.1625454160000004
2872,0.15432970599999862
2873,0.15278641200001175
2874,0.1472767230000045
2875,0.15461116300002686
2876,0.15098308000000316
2877,0.17798593800000617
2878,0.1498236119999774
2879,0.1462141090000273
2880,0.1439697659999979
2881,0.16358173200001147
2882,0.16226998499996625
2883,0.17486469600004284
2884,0.15557835800001385
2885,0.15456985000002987
2886,0.14275605599999608
2887,0.15758987999998908
2888,0.15409441999997853
2889,0.15351051799996185
2890,0.16920208300001605
2891,0.14827907800003004
2892,0.1399085489999834
2893,0.15995585299998538
2894,0.1765539600000352
2895,0.17761581999997134
2896,0.17765136700000994
2897,0.14130779900000334
2898,0.1411789499999827
2899,0.15538470699999607
2900,0.14600785400000404
2901,0.14861305100004074
2902,0.14370407100000193
2903,0.1438707799999861
2904,0.15034099299998616
2905,0.15280209000002287
2906,0.15782723099999885
2907,0.16994439600000533
2908,0.1592661149999799
2909,0.14752225000000863
2910,0.15201761699995586
2911,0.1307255199999986
2912,0.14867139000000407
2913,0.15034183000000212
2914,0.16087278599997035
2915,0.16730893699997296
2916,0.1549545530000387
2917,0.1637209980000307
2918,0.17525878999998667
2919,0.1639831669999694
2920,0.16091575799998736
2921,0.15950497099998984
2922,0.1599181579999822
2923,0.16361412200001269
2924,0.15164425699998674
2925,0.1690042370000242
2926,0.1579391540000188
2927,0.16972884900002327
2928,0.15532546899999033
2929,0.1597804589999896
2930,0.15444854300000088
2931,0.1702913749999766
2932,0.15582991899998433
2933,0.15126911400000154
2934,0.15400516500000094
2935,0.17159761900001058
2936,0.16111716799997566
2937,0.15669868700001643
2938,0.1553914229999691
2939,0.18513662300000533
2940,0.17346557099995152
2941,0.18652198199998793
2942,0.17007701700003963
2943,0.16127835300000015
2944,0.17464093399996727
2945,0.17607760499998903
2946,0.16812608599997247
2947,0.15195613899999216
2948,0.15702732099998684
2949,0.17877573200001962
2950,0.15432822200000373
2951,0.16666514100000995
2952,0.16621973600001638
2953,0.16392293699999527
2954,0.1592378839999924
2955,0.16823282000001427
2956,0.1476355180000155
2957,0.16099418500004958
2958,0.15604113000000552
2959,0.15587408199996844
2960,0.15560740000000806
2961,0.17162736000000223
2962,0.1573600899999974
2963,0.17882764199998746
2964,0.1740395239999657
2965,0.15088387000002967
2966,0.15030495599995675
2967,0.16179620900004466
2968,0.15830003500002476
2969,0.15514286799998445
2970,0.15076089300004014
2971,0.15412696999999298
2972,0.14789007499996387
2973,0.15658695500002295
2974,0.18133774299997185
2975,0.17551662699997905
2976,0.16505141700002923
2977,0.16796921500002782
2978,0.16558828299997685
2979,0.1558671820000086
2980,0.15658383999999614
2981,0.1846997760000022
2982,0.1954787440000132
2983,0.1679980249999744
2984,0.16964117800000622
2985,0.1675553050000076
2986,0.16582500999999183
2987,0.16692588900002647
2988,0.17838688699998784
2989,0.16379622099998414
2990,0.15610988700001371
2991,0.15333379100002276
2992,0.15603003300003593
2993,0.1637649959999976
2994,0.17033570000000964
2995,0.16479160199997978
2996,0.18715177100000346
2997,0.16040192899998829
2998,0.1671388360000492
2999,0.16508722800000442
3000,0.17200963199996977
3001,0.17055055499997707
3002,0.1501464059999762
3003,0.15506296899997096
3004,0.1736060650000013
3005,0.16019143199997643
3006,0.16178110099997411
3007,0.16345022599995218
3008,0.15553563600002462
3009,0.156558050000001
3010,0.16394324499998447
3011,0.16144468900000675
3012,0.17547805899999958
3013,0.15840153700003157
3014,0.15591848899998695
3015,0.16842818300000317
3016,0.17503451900000755
3017,0.2020953119999831
3018,0.18845949400002837
3019,0.17333950700003697
3020,0.16917538000001286
3021,0.15069707200001403
3022,0.15350058499996067
3023,0.169159379000007
3024,0.19242863300002
3025,0.15668685299999652
3026,0.1761926969999763
3027,0.16517228700001851
3028,0.17346431400000029
3029,0.16293345700000827
3030,0.1585974379999584
3031,0.17086242999999968
3032,0.15365892699998085
3033,0.15711171800001011
3034,0.16160661899999695
3035,0.1574165350000385
3036,0.1657227939999757
3037,0.16591292200001817
3038,0.1582859170000006
3039,0.15766633600003388
3040,0.17607465300000058
3041,0.14849389599999085
3042,0.14652845099999467
3043,0.14863188499998614
3044,0.15459843099995396
3045,0.14904058600001235
3046,0.14414334000002782
3047,0.14773472000001675
3048,0.15237525600002755
3049,0.15874593099999856
3050,0.1549964300000397
3051,0.15910681799999793
3052,0.16380902100002004
3053,0.16231836499997598
3054,0.163808610999979
3055,0.1686771770000064
3056,0.17069250899999133
3057,0.16659906899997168
3058,0.15858975499997996
3059,0.15576626500001112
3060,0.15827684999999292
3061,0.16492387799996777
3062,0.16517316699997764
3063,0.17172700899999427
3064,0.18268157599999313
3065,0.18935632599999508
3066,0.17813647399998445
3067,0.17352283399998214
3068,0.17331168300000854
3069,0.17050149200002807
3070,0.17552868100000296
3071,0.1598591289999831
3072,0.16037126399999124
3073,0.17223994199997605
3074,0.16169789000002766
3075,0.1620404150000354
3076,0.18414398900000606
3077,0.17794229700001551
3078,0.16328506999997217
3079,0.16104627300001084
3080,0.17105129700001953
3081,0.17564816499998415
3082,0.16324455099999113
3083,0.16503464499999154
3084,0.16083435299998428
3085,0.1576770489999717
3086,0.1595281140000111
3087,0.16100950599997077
3088,0.15256457800001044
3089,0.16426740899999004
3090,0.15990636100002575
3091,0.16677581599998348
3092,0.15294258599999466
3093,0.17629479300001094
3094,0.16111169900000277
3095,0.15184731599998713
3096,0.16402885499996955
3097,0.1861845640000297
3098,0.1943251610000516
3099,0.1734147870000129
3100,0.17470955499999263
3101,0.1734723600000052
3102,0.16358548599998812
3103,0.1654368260000183
3104,0.17969697700004872
3105,0.1810851690000277
3106,0.1736164780000422
3107,0.16262225200000557
3108,0.18004923300003384
3109,0.1668757639999967
3110,0.17800121099998023
3111,0.1891236499999991
3112,0.1667980589999729
3113,0.16874531700000261
3114,0.17054309800005285
3115,0.16842378599994845
3116,0.17473046600002817
3117,0.16467378400000143
3118,0.1542625600000065
3119,0.1654611850000265
3120,0.20856726499994238
3121,0.16450840599998173
3122,0.16622010399999
3123,0.16213613200000054
3124,0.16700182900001437
3125,0.1652635300000611
3126,0.16741565600000285
3127,0.18631984099999954
3128,0.16167324700006702
3129,0.17383547400004318
3130,0.1593243720000146
3131,0.16859724200003257
3132,0.1712044399999968
3133,0.18150823899998159
3134,0.17168251300006432
3135,0.17697786599990195
3136,0.18910903100004361
3137,0.1755212919999849
3138,0.1900839449999694
3139,0.1645729140000185
3140,0.17794452600003297
3141,0.16764201199998752
3142,0.17367665299991586
3143,0.18360950400006004
3144,0.19069354500004465
3145,0.1623402420000275
3146,0.171600073000036
3147,0.1785102610000422
3148,0.17198907700003474
3149,0.17871214199999486
3150,0.17250582200006193
3151,0.17038090699998065
3152,0.19391580499996053
3153,0.16034129199999825
3154,0.17622426799994173
3155,0.2010969190000651
3156,0.16545549400007076
3157,0.14543461599998864
3158,0.1707992330000252
3159,0.16564769499996146
3160,0.1693402259999175
3161,0.1660007720000749
3162,0.1736277269999391
3163,0.15325089199996
3164,0.1594860799999651
3165,0.1721663759999501
3166,0.15483950899999854
3167,0.18345309799997267
3168,0.15080473800003347
3169,0.20237140899996575
3170,0.1666786600000023
3171,0.17117902300003607
3172,0.1710572740000771
3173,0.1858978099999149
3174,0.16129385900001125
3175,0.16243335199999365
3176,0.16987197800006015
3177,0.1653918929999918
3178,0.17649663700001383
3179,0.15591333299994403
3180,0.16941174600003706
3181,0.1637584700000616
3182,0.1805465310000045
3183,0.1674630549999847
3184,0.16143748299998606
3185,0.15629931900002703
3186,0.16558983499999158
3187,0.17305751599997166
3188,0.16984938700011298
3189,0.16715700200006722
3190,0.16139530399993873
3191,0.16826750699999593
3192,0.16060303100005058
3193,0.1630231350000031
3194,0.17345156600003975
3195,0.17110291899996355
3196,0.16748188000008213
3197,0.16247359199996936
3198,0.17708139600006234
3199,0.17292310599998473
3200,0.16699467600005846
3201,0.1865428859999838
3202,0.173862649000057
3203,0.15198980499997106
3204,0.1795969369999284
3205,0.1906213839999964
3206,0.1693818049999436
3207,0.20739571100000376
3208,0.18212730299990199
3209,0.17646535200003655
3210,0.19073335200005204
3211,0.17750314199997774
3212,0.17318301800003155
3213,0.1706060050000815
3214,0.1750524320000295
3215,0.16443242799994096
3216,0.18359718699991845
3217,0.17008975300007023
3218,0.18163585799993598
3219,0.17252996899992468
3220,0.17401540500009105
3221,0.17046914600007312
3222,0.16717561699999806
3223,0.1653570780000564
3224,0.15331252699991182
3225,0.1636453660000825
3226,0.1682067660000257
3227,0.16390999600002942
3228,0.23354953299997305
3229,0.184120398999994
3230,0.1951367639999262
3231,0.172353396999938
3232,0.16702704199997243
3233,0.1826709499999879
3234,0.1956590419999884
3235,0.17977779999989707
3236,0.21335843899998963
3237,0.20238564199996745
3238,0.18627070000002277
3239,0.1760089470000139
3240,0.1645674849999068
3241,0.1822180509999498
3242,0.17556176100003995
3243,0.16561772299996846
3244,0.17113718300004166
3245,0.163075187000004
3246,0.16870824800002993
3247,0.16942605600002025
3248,0.18229726999993545
3249,0.16642549300001974
3250,0.16550455800006603
3251,0.1605346809999446
3252,0.19489405600006648
3253,0.1848582149999629
3254,0.1755125769999495
3255,0.19175020200009385
3256,0.18344469400005892
3257,0.1703604340000311
3258,0.16999689500005388
3259,0.1688547410000183
3260,0.20867810400000053
3261,0.16409072299995842
3262,0.17835935499999778
3263,0.18349212099997203
3264,0.18868707100000393
3265,0.17620140700000775
3266,0.1939212749999797
3267,0.18721263099996577
3268,0.1758936819999235
3269,0.2050440720000779
3270,0.1895890819999977
3271,0.18793176300005143
3272,0.18769029199995657
3273,0.18194627900004434
3274,0.18212205800000447
3275,0.18934113199998137
3276,0.20345992000000024
3277,0.23351455600004556
3278,0.2091955369999141
3279,0.19016339199993126
3280,0.1828929790000302
3281,0.18973479500004942
3282,0.1812936979999904
3283,0.20426604099998258
3284,0.1920286470000292
3285,0.18225236299997505
3286,0.17749848299990845
3287,0.19658523700002206
3288,0.18051270199998726
3289,0.17142481099995166
3290,0.18562285899997732
3291,0.17713258799994946
3292,0.18153981299997213
3293,0.17758389200002966
3294,0.18980434200000218
3295,0.18014432500001476
3296,0.18995172600000387
3297,0.2141452419999723
3298,0.20578860000000532
3299,0.18457272500006638
3300,0.1829032460000235
3301,0.1879980759999853
3302,0.1775484319999805
3303,0.1854590369999869
3304,0.1857649500000207
3305,0.1768160069999567
3306,0.1711003369999844
3307,0.17044133499996406
3308,0.17140365099999144
3309,0.17564265500004694
3310,0.19155426899999384
3311,0.18728549399997974
3312,0.18564799500006757
3313,0.17865075300005628
3314,0.18161584400002084
3315,0.18846794299997782
3316,0.18332666699996025
3317,0.19585664999999608
3318,0.18835432999992463
3319,0.18049372300004052
3320,0.18783857800008263
3321,0.20670758899996144
3322,0.21924042900002405
3323,0.18619916900001954
3324,0.1810349079999014
3325,0.18890002099999492
3326,0.1782756300000301
3327,0.1790028230000189
3328,0.1769109890000209
3329,0.21648858499997914
3330,0.18069890999993277
3331,0.1776773819999562
3332,0.1905939960000751
3333,0.1875354610000386
3334,0.19617334999998093
3335,0.17273849200000768
3336,0.1828850509999711
3337,0.17512299100008022
3338,0.19257243899994592
3339,0.1846941030000835
3340,0.1910759270000426
3341,0.17817066600002818
3342,0.1864578080000001
3343,0.19700880400000642
3344,0.17485030099999221
3345,0.1819519149998996
3346,0.20063066500006244
3347,0.18893873400008943
3348,0.1926757879999741
3349,0.16929463799999667
3350,0.17931488900001114
3351,0.17449260900002628
3352,0.18091839300006995
3353,0.17942569800004549
3354,0.20241158500004985
3355,0.18766506800000116
3356,0.1944052680000823
3357,0.23142143999996279
3358,0.17663576999996167
3359,0.1959368220000215
3360,0.18642147299999579
